Series Name,Series Code,Country Name,Country Code,2000 [YR2000],2001 [YR2001],2002 [YR2002],2003 [YR2003],2004 [YR2004],2005 [YR2005],2006 [YR2006],2007 [YR2007],2008 [YR2008],2009 [YR2009],2010 [YR2010],2011 [YR2011],2013 [YR2013],2014 [YR2014],2015 [YR2015],2016 [YR2016],2017 [YR2017]
GDP per capita (constant 2010 US$),NY.GDP.PCAP.KD,Australia,AUS,44313.3182274174,44564.9765593132,45786.6428104711,46575.4153320454,47880.6116576619,48760.3551692531,49408.0527406883,50955.05594824,51770.9071530236,51689.9135558502,51936.8887116461,52475.6632455215,54008.7081938685,54546.2030621219,55017.2480239931,55731.4955736202,55925.9318168028
GDP per capita (constant 2010 US$),NY.GDP.PCAP.KD,Austria,AUT,42001.2111626726,42370.9315990366,42859.3293954947,43052.6030729033,43956.5826590614,44637.8564124514,45951.7346927938,47510.2937863859,48053.4830761375,46123.4906889046,46858.0432733717,48065.3167058917,47901.3654287376,47922.3398475649,47905.5431541607,48077.8783610298,49129.2336646382
GDP per capita (constant 2010 US$),NY.GDP.PCAP.KD,Belgium,BEL,40170.4189271218,40357.370757271,40892.2177249607,41036.7982641216,42344.6948333994,42994.3636536563,43782.1395544946,44960.7978629635,44956.3673344759,43591.2718827821,44380.1766327308,44556.0368071799,44209.7433543915,44676.6607293383,45052.3653466121,45457.8993419591,46078.9290873069
GDP per capita (constant 2010 US$),NY.GDP.PCAP.KD,Brazil,BRA,8779.29079876563,8777.35713423328,8924.89696137144,8911.31951197479,9309.89205589421,9495.48465039729,9761.83428310216,10244.2671527554,10656.869465705,10538.7782816712,11224.1540829355,11560.4187506263,11915.4170541095,11870.1484076345,11351.5657481703,10868.6534435352,10888.9823851831
GDP per capita (constant 2010 US$),NY.GDP.PCAP.KD,Canada,CAN,43638.2831548145,43964.9545940366,44883.828395515,45239.8113906795,46170.9201965306,47181.5623940446,48035.0357919049,48552.6964313308,48510.5677732731,46543.7921999113,47447.4760241936,48456.9645742468,49359.4224695765,50221.8419821739,50303.8368476727,50407.3413301242,51315.8889749374
GDP per capita (constant 2010 US$),NY.GDP.PCAP.KD,Chile,CHL,9469.11046762055,9666.47605485465,9852.8339284954,10141.7319820518,10754.306601667,11249.8679032326,11833.952018896,12285.0483830444,12588.6912225,12268.4411530719,12860.1776447469,13518.7650782475,14551.0444209146,14681.3307577229,14893.8806507667,14958.5622484938,15059.5301407621
GDP per capita (constant 2010 US$),NY.GDP.PCAP.KD,Colombia,COL,4764.16774696836,4774.97560873689,4825.83199861245,4945.95797016574,5139.97662586373,5312.08235162603,5596.73474127545,5910.29238015612,6048.09453118061,6078.31545521681,6250.65504429614,6592.40232457227,7051.04027048529,7291.69186757615,7446.18240080804,7531.98257835885,7600.75914370259
GDP per capita (constant 2010 US$),NY.GDP.PCAP.KD,Czech Republic,CZE,14806.5834697881,15294.6292874275,15577.3922047072,16143.263640186,16930.1897024746,18011.386698787,19193.7548219261,20151.1781213239,20520.7799619681,19424.2730588798,19808.0710912518,20118.5878140405,19826.7919430607,20343.6837534468,21381.703080832,21894.1126524738,22779.2918994314
GDP per capita (constant 2010 US$),NY.GDP.PCAP.KD,Denmark,DNK,55850.6364296358,56108.9627194633,56190.8145223533,56256.7676111391,57608.7348945083,58792.6713818243,60892.7666094246,61174.5451464235,60504.7752990886,57229.0516378881,58041.4112245601,58575.6189162915,58788.0817870167,59437.9338973302,59967.742823222,60670.2372143145,61582.166068968
GDP per capita (constant 2010 US$),NY.GDP.PCAP.KD,Estonia,EST,10108.2052912574,10816.6031531195,11546.7726523663,12481.1896137323,13346.3983138309,14681.2253747477,16285.0067216,17627.0297205183,16716.5031632479,14282.6034990097,14638.6048173457,15798.6327787681,16918.5871147773,17453.3671329897,17733.9576552073,18094.587299874,18977.3943983974
GDP per capita (constant 2010 US$),NY.GDP.PCAP.KD,Finland,FIN,40450.3733748937,41399.9435810574,41993.6890221885,42729.0244671581,44277.8427026504,45353.2599997077,47011.657598012,49239.1939572439,49363.6971964824,45065.7534943592,46202.4151628454,47171.0220648002,45715.6468163534,45239.3688031623,45151.5121556712,45983.3133332131,47057.6190471053
GDP per capita (constant 2010 US$),NY.GDP.PCAP.KD,France,FRA,38460.6821008145,38928.03030647,39078.198702169,39120.1961408612,39915.2645417897,40252.4182186225,40922.0832260575,41630.09373701,41478.9374058427,40052.3051204039,40638.33400426,41283.1481006903,41183.510959426,41374.7612490442,41642.3104260915,41968.9815739992,42567.7436477565
GDP per capita (constant 2010 US$),NY.GDP.PCAP.KD,Germany,DEU,37998.4253119991,38577.7256293297,38512.9200411024,38218.3496455934,38673.8881132052,38969.3216980632,40456.8573802769,41831.8670883098,42365.0974955812,40086.1047594417,41785.556912554,44125.3314116503,44354.7368865267,45022.5653486423,45412.5568082313,45923.0075696152,46747.1924708096
GDP per capita (constant 2010 US$),NY.GDP.PCAP.KD,Greece,GRC,23275.4443060502,24111.4174535329,24965.5940271221,26349.2773362358,27614.4059346282,27698.5106148475,29176.3928664896,30054.8893883805,29874.7434456727,28514.8100942614,26917.7589787254,24495.7111345202,22251.2572924131,22565.6804825426,22648.7698813993,22687.6003260908,23027.4134527969
"GDP per capita (constant 2010 US$),NY.GDP.PCAP.KD,""Hong Kong SAR, China"",HKG,23015.8882405574,22975.0347722137,23252.4467523129,24010.4665816112,25896.6210634328,27688.6984415576,29446.2368891939,31081.548007209,31553.6132264208,30711.4847558043,32549.998231121,33888.4959161945,35002.5174875319,35717.6791626358,36260.5954574462,36816.1498608515,37927.1346154737"
GDP per capita (constant 2010 US$),NY.GDP.PCAP.KD,Hungary,HUN,10490.3503172185,10918.2488056723,11445.1935836058,11919.7688871317,12544.0903718178,13120.6202561212,13647.1523654832,13727.7348269495,13869.4411656877,12974.1441804958,13092.2337567695,13347.5840177081,13509.9242469344,14119.070416617,14629.2350325735,14997.2005200975,15647.8460274975
GDP per capita (constant 2010 US$),NY.GDP.PCAP.KD,Iceland,ISL,36554.6575201805,37488.6923688425,37360.1018342377,37976.6719391033,40684.2636901647,42604.4541982866,43703.947192282,46629.6565347528,46529.8510243027,43354.7684522666,41851.7354772988,42543.1405522383,44301.7553155641,44775.635368626,46221.9325708441,48995.1685496011,49910.0055207086
GDP per capita (constant 2010 US$),NY.GDP.PCAP.KD,Indonesia,IDN,2143.38989039205,2190.76617979471,2257.74685507094,2333.09748333113,2416.83638933237,2519.5098415279,2621.96039791854,2750.61514270465,2876.88504026904,2970.04413106579,3113.48063451433,3262.7486126075,3560.10658042829,3692.94287536983,3827.55077886415,3974.73166690467,4130.66327585856
GDP per capita (constant 2010 US$),NY.GDP.PCAP.KD,Ireland,IRL,42945.2259221961,44719.9041577987,46746.9745294478,47426.3717616041,49678.4045551021,51527.3337185625,52926.1996247515,54096.2490324437,50918.3290414051,48071.7195658055,48671.8882936068,49906.5951472916,50263.4035659536,54052.9549034348,67229.1916860972,69892.3156470839,74433.4556552143
GDP per capita (constant 2010 US$),NY.GDP.PCAP.KD,Israel,ISR,27636.340773557,26999.3650619858,26503.8433509477,26229.3997666786,26947.4445017177,27570.9455662904,28499.3259272239,29614.0751514489,29962.0056141623,29658.522632153,30642.9406174863,31482.9971568511,32196.3581706206,32661.294134773,32993.3142755677,33677.4619451632,34134.8056061387
GDP per capita (constant 2010 US$),NY.GDP.PCAP.KD,Italy,ITA,36180.7783332899,36801.2938105496,36837.8639859992,36729.9755411316,37070.3305155452,37238.9365291342,37872.1683558927,38236.7956108395,37585.3373525671,35363.4004619474,35849.3731979401,35994.1335816766,33887.2981674565,33615.9717818679,33968.7039603496,34318.4968180439,34877.8291405126
GDP per capita (constant 2010 US$),NY.GDP.PCAP.KD,Japan,JPN,42169.7332837728,42239.1849263722,42190.8048728002,42744.01128499,43671.6799739019,44393.6263842136,44995.4944919199,45687.2738147656,45165.7879187658,42724.7603699506,44507.6763859172,44538.7261906961,46249.2095886497,46484.1552668943,47163.4942109343,47660.8930390239,48556.9272446078
"GDP per capita (constant 2010 US$),NY.GDP.PCAP.KD,""Korea, Rep."",KOR,15104.5215176462,15667.3784594262,16734.8456640213,17136.6615671131,17905.2257914499,18568.3628147064,19427.1898414365,20385.3200379602,20803.5005404023,20843.1348004932,22086.9529193201,22724.7055707813,23685.4067110429,24323.5728375795,24870.7708964387,25484.0375903163,26152.0307748563"
GDP per capita (constant 2010 US$),NY.GDP.PCAP.KD,Latvia,LVA,6934.72292638759,7478.76310467515,8103.58763662909,8872.10319923346,9717.10904632295,10873.4142851194,12278.3070358248,13614.2563693779,13270.0004134053,11547.9907675541,11326.2194746243,12270.3406215312,13381.3317300188,13758.9553079116,14284.2883301309,14733.8394398232,15553.3279725467
GDP per capita (constant 2010 US$),NY.GDP.PCAP.KD,Luxembourg,LUX,93462.9248464056,94695.3392381768,97287.5972796708,97678.4605355307,99778.4687902506,101380.774586459,104943.440343903,111968.349480982,108577.352288198,101939.613397919,104965.306078267,105264.748445355,103721.747011941,107152.908941893,107648.608007826,108600.934880422,107865.273531068
"GDP per capita (constant 2010 US$),NY.GDP.PCAP.KD,""Macao SAR, China"",MAC,22524.4861754582,22640.6745860191,24072.0612454618,26220.0959040131,32438.3950843362,34246.0225667852,37959.2097064066,42537.7752705939,43081.3532324094,42739.3282483716,52374.7944457228,62279.5172760203,72183.5294712492,69749.1566245854,53580.4908597492,52144.0288870665,55936.8030798414"
GDP per capita (constant 2010 US$),NY.GDP.PCAP.KD,Mexico,MEX,8997.43350230947,8843.90104681886,8731.21990887337,8749.77792344855,8977.657706288,9059.81037041039,9327.73608057706,9392.68699251807,9347.52415914827,8712.14048552857,9016.45781179769,9207.72919942721,9400.32200001518,9536.60031993751,9717.89842992014,9871.670108626,9946.15799447644
GDP per capita (constant 2010 US$),NY.GDP.PCAP.KD,Netherlands,NLD,46133.176346003,46758.8767500274,46509.5171375534,46422.024850388,47200.424693034,48107.5854897237,49720.394858048,51447.2595860077,52118.0925554466,49897.2251683257,50338.2548273725,50937.5529376309,49969.8502702524,50497.2367986737,51410.4893017426,52267.7317557741,53597.8343255379
GDP per capita (constant 2010 US$),NY.GDP.PCAP.KD,New Zealand,NZL,28972.9762418904,29896.5709089585,30868.588160828,31639.4793554924,32191.9572609825,32887.0546086896,33324.5032600559,34256.7377001183,33442.2580258392,33743.9932346933,33692.0108346543,34337.4626495026,35436.323323246,36142.5200788414,37038.854884222,37528.4583347383,37852.8735920204
GDP per capita (constant 2010 US$),NY.GDP.PCAP.KD,Norway,NOR,81709.6629402044,82992.5318600251,83732.9389438834,84008.961695493,86820.3413099937,88494.3643276994,89887.0195170362,91617.279152267,90917.5417553083,88259.9677198309,87770.2668443401,87481.1483489355,88538.6976513824,89274.9561404904,90104.0482597666,90316.9723439327,91218.6184273408
GDP per capita (constant 2010 US$),NY.GDP.PCAP.KD,Peru,PER,3310.77999316433,3287.28577554605,3422.23834850696,3520.27532160776,3649.3720481147,3831.36485077707,4069.77709804109,4362.94899163223,4703.07992816355,4695.67516656722,5022.49319096369,5270.94874674316,5765.8871375688,5825.19849361496,5937.28535183218,6094.73824934176,6172.69358983485
GDP per capita (constant 2010 US$),NY.GDP.PCAP.KD,Poland,POL,8526.27041970809,8635.06057461319,8815.43657860498,9135.64781390511,9610.44435606007,9950.57267533817,10572.176187544,11322.0546230391,11801.5997382439,12126.2156068515,12599.5335818707,13224.5690913933,13632.4979479006,14090.6151433595,14642.0964873911,15067.9698510199,15751.233833289
GDP per capita (constant 2010 US$),NY.GDP.PCAP.KD,Portugal,PRT,21513.4597301856,21777.4081375365,21824.9756172317,21540.0697115796,21877.9069419818,22004.7994278972,22306.2840517928,22817.3218004267,22829.8479963453,22128.8455201899,22538.6540773482,22159.4754249441,21228.0893566433,21533.4901149674,22016.8369177565,22444.0710843784,23116.5793325883
GDP per capita (constant 2010 US$),NY.GDP.PCAP.KD,Russian Federation,RUS,6491.00135927456,6850.51712899674,7208.57072219803,7769.67022522,8360.81191962681,8927.9056584179,9687.49351319754,10532.3262706152,11089.929954659,10219.5213064001,10674.987707365,11230.3891529523,11803.7089563717,11680.5935448757,11325.7876875704,11279.6253410443,11441.0034569958
GDP per capita (constant 2010 US$),NY.GDP.PCAP.KD,Singapore,SGP,33390.0584777032,32191.9400902591,33242.9863316237,35233.1344804816,38117.4105337566,40020.2601607487,42223.8913630418,44191.2380925911,42650.1020802336,41133.2998100586,46569.6795060716,48505.2643887958,50948.4461770405,52244.4404142318,52785.3064330722,53353.839463373,55235.5128859343
GDP per capita (constant 2010 US$),NY.GDP.PCAP.KD,Slovak Republic,SVK,10296.7141833785,10657.6884748107,11143.7638880579,11755.3477987032,12376.0620305921,13210.2692544755,14326.2598754004,15868.8044098402,16747.8147334138,15818.5639472363,16600.6135880385,17046.6079365725,17538.6488294979,18003.540337681,18678.9349990608,19275.0867559485,19897.1535070024
GDP per capita (constant 2010 US$),NY.GDP.PCAP.KD,Slovenia,SVN,18570.6960677631,19088.3262156659,19796.0670927634,20346.41581914,21218.2521512652,22029.4303476271,23201.2579079271,24673.4446856832,25447.4258986805,23252.0969978534,23437.4720211387,23540.7146228343,22574.7091033069,23224.401061341,23731.1672755043,24460.3979007776,25662.4149142155
GDP per capita (constant 2010 US$),NY.GDP.PCAP.KD,Spain,ESP,28335.001833327,29264.8814529131,29685.3639494669,30082.6264787606,30504.3574306103,31110.0141282392,31865.3691666632,32459.9173758671,32303.2414806061,30874.126012677,30736.6278530812,30321.7048688993,29008.0209838975,29496.378933678,30532.4499736572,31505.6122034216,32405.7508143881
GDP per capita (constant 2010 US$),NY.GDP.PCAP.KD,Sweden,SWE,44693.7365969156,45270.7810701848,46059.3667851558,46983.077264445,48820.6060879469,49996.1752158939,52046.4815086322,53421.0202381409,52711.1982655892,49554.3434279723,52076.2559134864,53061.5685724421,52722.9122969923,53561.8921209333,55395.05870784,56473.022779491,56935.1882703156
GDP per capita (constant 2010 US$),NY.GDP.PCAP.KD,Switzerland,CHE,67807.9268085504,68264.5262603737,67860.244831941,67385.2976654941,68781.6125911663,70471.4385201236,72823.8372576833,75143.7022153819,75793.6330408041,73189.1925497185,74605.7210207051,75029.7578191806,75499.7067438104,76410.8566589945,76472.4594877065,76682.6448002236,76667.4440397307
GDP per capita (constant 2010 US$),NY.GDP.PCAP.KD,Turkey,TUR,8237.60871332467,7631.65013068958,8003.73838135966,8332.02750253722,9009.8860699419,9692.12956709836,10251.3771818903,10638.063343978,10599.6311709294,9973.6632998266,10672.4001621088,11683.6044811463,12866.095346876,13312.4552035285,13898.748837968,14117.4368745282,14933.2652100066
GDP per capita (constant 2010 US$),NY.GDP.PCAP.KD,United Kingdom,GBR,35576.7668473642,36341.7097504855,37077.6483548939,38132.8410859077,38813.0216936727,39740.9029213191,40418.747304743,41050.4059264847,40536.1348574428,38545.9158164225,38893.0184937365,39150.7560185113,39996.5019019858,40908.7458550667,41536.9191150355,42039.7363643926,42514.487450259
GDP per capita (constant 2010 US$),NY.GDP.PCAP.KD,United States,USA,45055.817918284,45047.4871976844,45428.6456781274,46304.0360895612,47614.2798621765,48755.6160606735,49575.401013591,49979.5338429195,49364.6445500336,47575.608562749,48375.4069462972,48786.4549755253,49971.9513571108,50871.674083306,51933.4048064982,52319.1633505427,53128.5396999252
All education staff compensation, total (% of total expenditure in public institutions),SE.XPD.MTOT.ZS,Australia,AUS,68.3223495483398,..,..,..,..,..,..,..,..,..,..,..,..,64.6126403808594,..,..,..
All education staff compensation, total (% of total expenditure in public institutions),SE.XPD.MTOT.ZS,Austria,AUT,72.2939834594727,70.4519805908203,70.869987487793,72.9158935546875,71.6610794067383,72.0859298706055,72.0556488037109,71.8770599365234,71.5804595947266,71.5695877075195,70.1928100585938,69.66162109375,67.9886093139648,68.8669204711914,..,..,..
All education staff compensation, total (% of total expenditure in public institutions),SE.XPD.MTOT.ZS,Belgium,BEL,..,80.4961013793945,82.8344192504883,84.160888671875,85.6957397460938,85.4870834350586,84.4451293945313,84.4185180664063,82.3266830444336,84.0970306396484,84.2835083007813,84.4836807250977,81.3793182373047,81.4602127075195,..,..,..
All education staff compensation, total (% of total expenditure in public institutions),SE.XPD.MTOT.ZS,Brazil,BRA,74.8119430541992,74.1616668701172,73.1193313598633,..,67.1863098144531,70.2662887573242,69.784782409668,68.9935073852539,67.8249664306641,70.2811126708984,68.471076965332,73.1655426025391,69.7163391113281,69.3697128295898,..,..,..
All education staff compensation, total (% of total expenditure in public institutions),SE.XPD.MTOT.ZS,Canada,CAN,70.4515075683594,72.4313278198242,70.5298309326172,..,..,69.9986419677734,67.2298278808594,67.9055480957031,67.129768371582,65.4891891479492,65.8362121582031,65.4557800292969,68.8116989135742,..,..,..,..
All education staff compensation, total (% of total expenditure in public institutions),SE.XPD.MTOT.ZS,Chile,CHL,..,..,52.2674217224121,59.242431640625,61.6748886108398,78.0773010253906,77.4474792480469,77.4552383422852,79.8874282836914,78.9357299804688,..,..,..,..,..,..,..
All education staff compensation, total (% of total expenditure in public institutions),SE.XPD.MTOT.ZS,Colombia,COL,..,..,..,..,70.9990005493164,..,..,75.3918609619141,72.0718231201172,..,70.9525985717773,72.2942581176758,66.4107208251953,68.5187377929688,69.0059661865234,72.1141510009766,..
All education staff compensation, total (% of total expenditure in public institutions),SE.XPD.MTOT.ZS,Czech Republic,CZE,54.544849395752,55.4927215576172,55.7827301025391,58.5474281311035,54.3307113647461,55.9622192382813,50.0339202880859,52.9176788330078,53.1608085632324,51.906551361084,51.489559173584,49.5291290283203,51.3727111816406,51.5161514282227,..,..,..
All education staff compensation, total (% of total expenditure in public institutions),SE.XPD.MTOT.ZS,Denmark,DNK,72.7259216308594,72.098876953125,72.2194595336914,73.6074600219727,74.0210037231445,74.0626678466797,73.5517883300781,77.170768737793,77.0177001953125,77.2316436767578,74.9408721923828,71.085823059082,73.5371398925781,73.7488021850586,..,..,..
All education staff compensation, total (% of total expenditure in public institutions),SE.XPD.MTOT.ZS,Estonia,EST,..,56.8143501281738,56.2886199951172,..,..,..,..,..,..,..,..,..,57.710319519043,64.04052734375,..,..,..
All education staff compensation, total (% of total expenditure in public institutions),SE.XPD.MTOT.ZS,Finland,FIN,61.658561706543,59.9794006347656,59.7968788146973,59.5876502990723,59.7114295959473,60.9208984375,60.3067092895508,60.3174018859863,59.9142913818359,59.6575317382813,60.3235816955566,59.4598197937012,60.2452011108398,59.7005882263184,..,..,..
All education staff compensation, total (% of total expenditure in public institutions),SE.XPD.MTOT.ZS,France,FRA,73.0417022705078,73.4523086547852,73.4755172729492,74.838996887207,74.3311614990234,74.4657669067383,74.5426025390625,74.1406097412109,73.6419525146484,72.222038269043,73.1893997192383,73.8059463500977,73.3883972167969,74.8206329345703,..,..,..
All education staff compensation, total (% of total expenditure in public institutions),SE.XPD.MTOT.ZS,Germany,DEU,..,..,..,..,..,..,73.0591430664063,72.0967407226563,71.3042984008789,70.8422164916992,70.5698928833008,70.8932495117188,72.4552001953125,72.8817825317383,..,..,..
All education staff compensation, total (% of total expenditure in public institutions),SE.XPD.MTOT.ZS,Greece,GRC,67.1986694335938,63.098560333252,65.0962524414063,64.9258422851563,61.8198204040527,67.2948684692383,..,..,..,..,..,..,..,..,..,..,..
"All education staff compensation, total (% of total expenditure in public institutions),SE.XPD.MTOT.ZS,""Hong Kong SAR, China"",HKG,..,..,..,..,..,..,..,..,..,..,..,..,..,..,..,..,.."
All education staff compensation, total (% of total expenditure in public institutions),SE.XPD.MTOT.ZS,Hungary,HUN,64.2612915039063,63.7818908691406,66.39013671875,71.5165328979492,71.3553237915039,71.6424102783203,70.494499206543,71.5079803466797,68.9707336425781,65.5895385742188,62.4984703063965,62.3187713623047,63.6809501647949,66.2523727416992,..,..,..
All education staff compensation, total (% of total expenditure in public institutions),SE.XPD.MTOT.ZS,Iceland,ISL,..,..,..,..,65.72216796875,67.8782730102539,65.2037734985352,69.3000793457031,68.6850967407227,68.319580078125,72.5692291259766,71.1375579833984,62.6525001525879,..,..,..,..
All education staff compensation, total (% of total expenditure in public institutions),SE.XPD.MTOT.ZS,Indonesia,IDN,..,..,..,..,..,..,..,57.0736389160156,58.6818389892578,56.8398590087891,54.4537811279297,62.8933982849121,62.8979682922363,63.342658996582,64.0721664428711,..,..
All education staff compensation, total (% of total expenditure in public institutions),SE.XPD.MTOT.ZS,Ireland,IRL,68.6478881835938,67.9654693603516,71.4814376831055,73.5758666992188,75.713981628418,74.2121734619141,75.0762481689453,73.1345520019531,72.8524322509766,74.3216171264648,71.6298980712891,73.6509704589844,73.5523834228516,72.8535385131836,..,..,..
All education staff compensation, total (% of total expenditure in public institutions),SE.XPD.MTOT.ZS,Israel,ISR,68.6442184448242,69.6180419921875,67.1396865844727,67.6069183349609,70.5770797729492,68.7510070800781,68.5619201660156,74.560417175293,73.3961029052734,73.2442321777344,72.9277114868164,73.6083221435547,74.9111404418945,75.0972137451172,..,..,..
All education staff compensation, total (% of total expenditure in public institutions),SE.XPD.MTOT.ZS,Italy,ITA,71.5770721435547,71.374267578125,70.8503189086914,72.9682083129883,71.5557403564453,71.8954772949219,75.9506530761719,74.1375579833984,74.668098449707,73.6020431518555,74.6648330688477,73.6995620727539,72.5200576782227,72.3740081787109,..,..,..
All education staff compensation, total (% of total expenditure in public institutions),SE.XPD.MTOT.ZS,Japan,JPN,69.5160293579102,69.7899627685547,70.4819869995117,69.7874221801758,69.2635498046875,70.7581634521484,69.6056289672852,70.313102722168,70.11083984375,..,66.4449768066406,67.11962890625,67.0494003295898,64.8157119750977,..,..,..
"All education staff compensation, total (% of total expenditure in public institutions),SE.XPD.MTOT.ZS,""Korea, Rep."",KOR,..,..,56.2194786071777,54.023380279541,56.6023483276367,58.6620292663574,61.8990516662598,59.245548248291,60.3074607849121,55.7588691711426,..,..,59.7640609741211,61.3498382568359,62.7360992431641,..,.."
All education staff compensation, total (% of total expenditure in public institutions),SE.XPD.MTOT.ZS,Latvia,LVA,87.7834320068359,79.3656997680664,62.0438003540039,69.0091400146484,69.6718673706055,..,65.3713684082031,64.4030532836914,65.8747863769531,68.9828033447266,65.7203674316406,64.4918670654297,62.2662696838379,57.9929389953613,..,..,..
All education staff compensation, total (% of total expenditure in public institutions),SE.XPD.MTOT.ZS,Luxembourg,LUX,..,71.2706909179688,..,..,..,..,..,..,..,..,..,..,72.4978637695313,74.3090286254883,..,..,..
"All education staff compensation, total (% of total expenditure in public institutions),SE.XPD.MTOT.ZS,""Macao SAR, China"",MAC,..,..,..,..,..,..,..,..,..,60.1869316101074,38.9619216918945,28.9311790466309,49.7948417663574,57.0353584289551,59.071720123291,..,.."
All education staff compensation, total (% of total expenditure in public institutions),SE.XPD.MTOT.ZS,Mexico,MEX,..,88.5042190551758,88.3576202392578,87.9427795410156,88.4030685424805,85.6714706420898,86.0263366699219,85.3785018920898,84.9546585083008,84.776611328125,85.7383728027344,85.5242233276367,83.7799530029297,82.8431701660156,..,..,..
All education staff compensation, total (% of total expenditure in public institutions),SE.XPD.MTOT.ZS,Netherlands,NLD,71.1281280517578,70.41943359375,69.2307434082031,70.3663101196289,70.320671081543,69.8261184692383,68.282356262207,67.8616409301758,67.6992416381836,68.8178176879883,69.5909271240234,69.5468521118164,69.4786911010742,67.6543121337891,..,..,..
All education staff compensation, total (% of total expenditure in public institutions),SE.XPD.MTOT.ZS,New Zealand,NZL,..,..,..,..,..,..,..,..,..,..,..,..,..,..,..,..,..
All education staff compensation, total (% of total expenditure in public institutions),SE.XPD.MTOT.ZS,Norway,NOR,69.4835433959961,70.5484771728516,68.7906036376953,65.9246520996094,65.7853012084961,66.942626953125,66.3907623291016,66.2097930908203,66.6008911132813,65.8925476074219,67.4240798950195,68.9854507446289,69.9115295410156,70.6189498901367,..,..,..
All education staff compensation, total (% of total expenditure in public institutions),SE.XPD.MTOT.ZS,Peru,PER,76.9657516479492,77.2762069702148,79.7688369750977,82.6228637695313,84.46923828125,81.271728515625,81.5604095458984,78.5951995849609,70.6360168457031,66.0980224609375,64.5650024414063,65.7960433959961,56.827220916748,54.9881210327148,49.5057182312012,51.5597496032715,..
All education staff compensation, total (% of total expenditure in public institutions),SE.XPD.MTOT.ZS,Poland,POL,70.3453826904297,68.5518569946289,61.8144493103027,60.6534996032715,61.4916915893555,60.492488861084,69.6951599121094,61.5738410949707,60.4123802185059,61.836009979248,61.354190826416,62.683650970459,..,67.9883117675781,..,..,..
All education staff compensation, total (% of total expenditure in public institutions),SE.XPD.MTOT.ZS,Portugal,PRT,86.0364685058594,85.8650970458984,90.6939697265625,87.2576217651367,86.8880920410156,86.1758117675781,85.3911819458008,83.0297393798828,84.1841583251953,81.5371017456055,84.1096725463867,85.0038681030273,77.0590362548828,84.3455200195313,..,..,..
All education staff compensation, total (% of total expenditure in public institutions),SE.XPD.MTOT.ZS,Russian Federation,RUS,..,..,..,..,..,..,..,..,..,..,..,..,69.3435134887695,69.7660903930664,..,..,..
All education staff compensation, total (% of total expenditure in public institutions),SE.XPD.MTOT.ZS,Singapore,SGP,..,..,..,..,..,..,..,..,..,..,..,..,..,..,..,..,..
All education staff compensation, total (% of total expenditure in public institutions),SE.XPD.MTOT.ZS,Slovak Republic,SVK,68.2484283447266,68.1331481933594,65.9152679443359,59.5660781860352,56.9654998779297,60.2248306274414,59.0150909423828,60.6004600524902,57.7188682556152,56.4822998046875,56.9782295227051,57.3795700073242,58.1677398681641,58.449878692627,52.9890785217285,..,..
All education staff compensation, total (% of total expenditure in public institutions),SE.XPD.MTOT.ZS,Slovenia,SVN,..,..,..,69.3909301757813,69.4158782958984,69.3945388793945,68.0367431640625,68.9744262695313,67.1634063720703,68.5600814819336,69.9877319335938,69.8982009887695,66.9698791503906,66.5675735473633,..,..,..
All education staff compensation, total (% of total expenditure in public institutions),SE.XPD.MTOT.ZS,Spain,ESP,77.5912780761719,77.7339172363281,75.9152984619141,75.1509628295898,74.0219573974609,73.452278137207,72.3346862792969,70.6958999633789,70.4161834716797,71.3706207275391,71.5629119873047,71.5629119873047,74.6173400878906,76.2680969238281,..,..,..
All education staff compensation, total (% of total expenditure in public institutions),SE.XPD.MTOT.ZS,Sweden,SWE,61.7093200683594,63.9206695556641,..,64.7255477905273,65.4589691162109,64.9758834838867,63.2717704772949,64.2030029296875,63.5290412902832,63.2913093566895,63.1256790161133,63.4278907775879,64.9706878662109,65.224853515625,..,..,..
All education staff compensation, total (% of total expenditure in public institutions),SE.XPD.MTOT.ZS,Switzerland,CHE,75.787712097168,75.4050674438477,74.8545227050781,75.8347473144531,75.6377792358398,75.3263168334961,75.4552612304688,76.8857116699219,76.552116394043,74.6295471191406,75.1917419433594,74.9708480834961,74.9678497314453,74.397102355957,..,..,..
All education staff compensation, total (% of total expenditure in public institutions),SE.XPD.MTOT.ZS,Turkey,TUR,75.9012069702148,77.2014312744141,78.7109222412109,75.5705718994141,66.3049087524414,..,74.5658264160156,..,..,..,..,68.0211334228516,70.3916473388672,70.355827331543,..,..,..
All education staff compensation, total (% of total expenditure in public institutions),SE.XPD.MTOT.ZS,United Kingdom,GBR,71.8007736206055,69.715217590332,70.4165267944336,70.4632720947266,63.8921012878418,73.4903793334961,68.3299407958984,72.7325210571289,71.5406494140625,70.4730834960938,58.7913513183594,76.8241577148438,75.0179214477539,74.0442733764648,73.8862075805664,..,..
All education staff compensation, total (% of total expenditure in public institutions),SE.XPD.MTOT.ZS,United States,USA,..,..,..,..,..,..,..,..,..,..,69.4044723510742,69.3916397094727,70.0213317871094,69.6853790283203,..,..,..
Compulsory education, duration (years),SE.COM.DURS,Australia,AUS,10,10,10,10,10,10,10,10,10,10,10,10,10,10,10,10,..
Compulsory education, duration (years),SE.COM.DURS,Austria,AUT,8,8,8,8,8,8,8,8,8,8,8,9,9,9,9,9,13
Compulsory education, duration (years),SE.COM.DURS,Belgium,BEL,12,12,12,12,12,12,12,12,12,12,12,12,12,12,12,12,..
Compulsory education, duration (years),SE.COM.DURS,Brazil,BRA,8,8,8,8,8,8,9,9,9,9,9,9,14,14,14,14,14
Compulsory education, duration (years),SE.COM.DURS,Canada,CAN,10,10,10,10,10,10,10,10,10,10,10,10,10,10,10,10,..
Compulsory education, duration (years),SE.COM.DURS,Chile,CHL,8,8,8,12,12,12,12,12,12,12,12,12,13,13,13,13,..
Compulsory education, duration (years),SE.COM.DURS,Colombia,COL,10,10,10,10,10,10,10,10,10,10,10,10,10,10,10,10,..
Compulsory education, duration (years),SE.COM.DURS,Czech Republic,CZE,..,..,..,..,9,9,9,9,9,9,9,9,9,9,9,9,..
Compulsory education, duration (years),SE.COM.DURS,Denmark,DNK,9,9,9,9,9,9,9,9,9,9,10,10,10,10,10,10,..
Compulsory education, duration (years),SE.COM.DURS,Estonia,EST,9,9,9,9,9,9,9,9,9,9,9,9,9,9,9,9,..
Compulsory education, duration (years),SE.COM.DURS,Finland,FIN,9,9,9,9,9,9,9,9,9,9,9,9,9,9,9,10,10
Compulsory education, duration (years),SE.COM.DURS,France,FRA,10,10,10,10,10,10,10,10,10,10,10,10,10,10,10,10,10
Compulsory education, duration (years),SE.COM.DURS,Germany,DEU,12,12,12,12,12,12,12,12,12,12,12,12,12,12,12,12,..
Compulsory education, duration (years),SE.COM.DURS,Greece,GRC,9,9,9,9,9,9,9,9,9,9,9,9,9,9,9,9,..
"Compulsory education, duration (years),SE.COM.DURS,""Hong Kong SAR, China"",HKG,9,9,9,9,9,9,9,9,9,9,9,9,9,9,9,9,.."
Compulsory education, duration (years),SE.COM.DURS,Hungary,HUN,13,13,13,13,13,13,13,13,13,13,13,13,11,11,13,13,..
Compulsory education, duration (years),SE.COM.DURS,Iceland,ISL,10,10,10,10,10,10,10,10,10,10,10,10,10,10,10,10,..
Compulsory education, duration (years),SE.COM.DURS,Indonesia,IDN,..,..,6,9,9,9,9,9,9,9,9,9,9,9,9,9,..
Compulsory education, duration (years),SE.COM.DURS,Ireland,IRL,10,10,10,10,10,10,10,10,10,10,10,10,10,10,10,10,..
Compulsory education, duration (years),SE.COM.DURS,Israel,ISR,11,11,11,11,11,11,11,11,11,13,13,13,13,13,13,13,..
Compulsory education, duration (years),SE.COM.DURS,Italy,ITA,8,8,8,12,12,12,12,12,12,12,12,12,12,12,12,12,..
Compulsory education, duration (years),SE.COM.DURS,Japan,JPN,9,9,9,9,9,9,9,9,9,9,9,9,9,9,9,9,9
"Compulsory education, duration (years),SE.COM.DURS,""Korea, Rep."",KOR,6,6,7,8,9,9,9,9,9,9,9,9,9,9,9,9,9"
Compulsory education, duration (years),SE.COM.DURS,Latvia,LVA,8,8,8,8,8,8,8,8,8,11,11,11,11,11,11,11,11
Compulsory education, duration (years),SE.COM.DURS,Luxembourg,LUX,6,6,6,6,6,6,6,6,6,12,12,12,12,12,12,12,..
"Compulsory education, duration (years),SE.COM.DURS,""Macao SAR, China"",MAC,10,10,10,10,10,10,10,10,10,10,10,10,10,10,10,10,.."
Compulsory education, duration (years),SE.COM.DURS,Mexico,MEX,9,11,11,11,11,11,11,11,11,11,11,11,14,14,14,14,14
Compulsory education, duration (years),SE.COM.DURS,Netherlands,NLD,12,12,12,12,12,12,12,12,12,12,12,12,12,12,12,12,..
Compulsory education, duration (years),SE.COM.DURS,New Zealand,NZL,10,10,10,10,10,10,10,10,10,10,10,10,10,10,10,10,10
Compulsory education, duration (years),SE.COM.DURS,Norway,NOR,10,10,10,10,10,10,10,10,10,10,10,10,10,10,10,10,..
Compulsory education, duration (years),SE.COM.DURS,Peru,PER,12,12,12,12,12,12,12,12,12,12,12,12,14,14,14,14,..
Compulsory education, duration (years),SE.COM.DURS,Poland,POL,9,9,9,9,9,9,9,9,9,9,9,9,9,9,9,9,9
Compulsory education, duration (years),SE.COM.DURS,Portugal,PRT,9,9,9,9,9,9,9,9,9,9,9,9,9,9,9,9,..
Compulsory education, duration (years),SE.COM.DURS,Russian Federation,RUS,8,8,8,8,9,9,9,9,9,9,9,9,11,11,11,11,..
Compulsory education, duration (years),SE.COM.DURS,Singapore,SGP,6,6,6,6,6,6,6,6,6,6,6,6,6,6,6,6,..
Compulsory education, duration (years),SE.COM.DURS,Slovak Republic,SVK,10,10,10,10,10,10,10,10,10,10,10,10,10,10,10,10,..
Compulsory education, duration (years),SE.COM.DURS,Slovenia,SVN,9,9,9,9,9,9,9,9,9,9,9,9,9,9,9,9,..
Compulsory education, duration (years),SE.COM.DURS,Spain,ESP,10,10,10,10,10,10,10,10,10,10,10,10,10,10,10,10,..
Compulsory education, duration (years),SE.COM.DURS,Sweden,SWE,9,9,9,9,9,9,9,9,9,9,9,9,9,9,9,9,..
Compulsory education, duration (years),SE.COM.DURS,Switzerland,CHE,9,9,9,9,9,9,9,12,12,12,12,12,12,12,12,12,..
Compulsory education, duration (years),SE.COM.DURS,Turkey,TUR,8,8,8,8,8,8,8,8,8,8,8,8,12,12,12,12,12
Compulsory education, duration (years),SE.COM.DURS,United Kingdom,GBR,11,11,11,11,11,11,11,11,11,11,11,11,11,11,11,11,..
Compulsory education, duration (years),SE.COM.DURS,United States,USA,13,13,13,13,13,13,13,13,13,13,13,13,13,13,13,13,13
Government expenditure on education, total (% of GDP),SE.XPD.TOTL.GD.ZS,Australia,AUS,4.88884019851685,..,..,..,..,4.90778017044067,4.74055004119873,4.65725994110107,4.63186979293823,5.08932018280029,5.56589984893799,5.09674978256226,5.25978994369507,5.19266986846924,..,..,..
Government expenditure on education, total (% of GDP),SE.XPD.TOTL.GD.ZS,Austria,AUT,5.58880996704102,5.57547998428345,5.52213001251221,5.36183023452759,5.30243015289307,5.24937009811401,5.22652006149292,5.14690017700195,5.26395988464355,5.73024988174438,5.70047998428345,5.59226989746094,5.54711008071899,5.44897985458374,..,..,..
Government expenditure on education, total (% of GDP),SE.XPD.TOTL.GD.ZS,Belgium,BEL,..,5.84327983856201,5.947350025177,5.88478994369507,5.806960105896,5.76901006698608,5.84036016464233,5.84904003143311,6.29138994216919,6.41535997390747,6.40798997879028,6.37873983383179,6.6396598815918,6.59684991836548,..,..,..
Government expenditure on education, total (% of GDP),SE.XPD.TOTL.GD.ZS,Brazil,BRA,3.94892001152039,3.84468007087708,3.75037002563477,..,3.97448992729187,4.47908020019531,4.87060022354126,4.97425985336304,5.26883983612061,5.46355009078979,5.64879989624023,5.73741006851196,5.8388500213623,5.94848012924194,..,..,..
Government expenditure on education, total (% of GDP),SE.XPD.TOTL.GD.ZS,Canada,CAN,5.44200992584229,4.96958017349243,5.01072978973389,..,..,4.78214979171753,..,4.78036022186279,4.63825988769531,4.85264015197754,5.36992979049683,5.27443981170654,..,..,..,..,..
Government expenditure on education, total (% of GDP),SE.XPD.TOTL.GD.ZS,Chile,CHL,3.77583003044128,..,4.08121013641357,3.96345996856689,3.53838992118835,3.26283001899719,3.02152991294861,3.21378993988037,3.79242992401123,4.23064994812012,4.16208982467651,4.04518985748291,4.52942991256714,4.72281980514526,4.90347003936768,..,..
Government expenditure on education, total (% of GDP),SE.XPD.TOTL.GD.ZS,Colombia,COL,3.5112099647522,3.70867991447449,4.26812982559204,4.32513999938965,4.07934999465942,3.9950098991394,3.89332008361816,4.05870008468628,3.90980005264282,4.74742984771729,4.82615995407104,4.45980978012085,4.90324020385742,4.66516017913818,4.50048017501831,4.48296022415161,..
Government expenditure on education, total (% of GDP),SE.XPD.TOTL.GD.ZS,Czech Republic,CZE,3.65089011192322,3.7485499382019,3.97255992889404,4.13642978668213,4.01423978805542,3.89037990570068,4.21710014343262,3.86663007736206,3.74454998970032,4.17127990722656,4.06445980072021,4.27214002609253,4.0908899307251,3.99462008476257,..,..,..
Government expenditure on education, total (% of GDP),SE.XPD.TOTL.GD.ZS,Denmark,DNK,8.08432960510254,8.21545028686523,8.2130298614502,8.12193965911865,8.2076301574707,8.08557033538818,7.72990989685059,7.61560010910034,7.47604990005493,8.44888019561768,8.55955028533936,8.48486042022705,8.49442958831787,7.634850025177,..,..,..
Government expenditure on education, total (% of GDP),SE.XPD.TOTL.GD.ZS,Estonia,EST,5.3402099609375,5.23648023605347,5.46867990493774,5.29463005065918,4.91180992126465,4.8448600769043,..,4.66395998001099,5.51750993728638,5.95415019989014,5.52699995040894,5.01738023757935,4.83837985992432,5.47941017150879,..,..,..
Government expenditure on education, total (% of GDP),SE.XPD.TOTL.GD.ZS,Finland,FIN,5.71687984466553,5.8479700088501,6.02477979660034,6.17476987838745,6.16849994659424,6.03605985641479,5.93809986114502,5.68608999252319,5.8467698097229,6.48517990112305,6.54070997238159,6.48200988769531,7.15848016738892,7.15155982971191,..,..,..
Government expenditure on education, total (% of GDP),SE.XPD.TOTL.GD.ZS,France,FRA,5.51672983169556,5.41703987121582,5.40916013717651,5.72294998168945,5.63702011108398,5.49981021881104,5.44211006164551,5.44518995285034,5.44402980804443,5.73849010467529,5.68342018127441,5.51584005355835,5.50531005859375,5.51760005950928,..,..,..
Government expenditure on education, total (% of GDP),SE.XPD.TOTL.GD.ZS,Germany,DEU,..,..,..,..,..,..,4.27930021286011,4.34302997589111,4.4095401763916,4.88047981262207,4.91368007659912,4.80779981613159,4.93496990203857,4.93112993240356,..,..,..
Government expenditure on education, total (% of GDP),SE.XPD.TOTL.GD.ZS,Greece,GRC,3.23019003868103,3.36457991600037,3.42430996894836,3.42933988571167,3.66719007492065,3.96395993232727,..,..,..,..,..,..,..,..,..,..,..
"Government expenditure on education, total (% of GDP),SE.XPD.TOTL.GD.ZS,""Hong Kong SAR, China"",HKG,..,3.90370011329651,4.01554012298584,4.28529977798462,4.5589599609375,4.13463020324707,3.84278988838196,3.45455002784729,3.26062989234924,4.39212989807129,3.51003003120422,3.41822004318237,3.76031994819641,3.57255005836487,3.26212000846863,3.29243993759155,3.31597995758057"
Government expenditure on education, total (% of GDP),SE.XPD.TOTL.GD.ZS,Hungary,HUN,4.85891008377075,4.92447996139526,5.17096996307373,5.78959989547729,5.33038997650146,5.32835006713867,5.30903005599976,5.14728021621704,4.97793006896973,4.96436023712158,4.76894998550415,4.60079002380371,4.20373010635376,4.63194990158081,..,..,..
Government expenditure on education, total (% of GDP),SE.XPD.TOTL.GD.ZS,Iceland,ISL,6.48864984512329,6.77898979187012,7.39313983917236,7.32535982131958,7.22492980957031,7.40956020355225,7.37341022491455,7.06091022491455,7.20921993255615,7.33900022506714,7.20426988601685,7.04305982589722,7.75944995880127,..,..,..,..
Government expenditure on education, total (% of GDP),SE.XPD.TOTL.GD.ZS,Indonesia,IDN,..,2.31048011779785,2.48484992980957,3.02237010002136,2.58137989044189,2.69816994667053,..,2.85918998718262,2.7254900932312,3.31083011627197,2.81227993965149,3.18944001197815,3.35904002189636,3.28800988197327,3.58192992210388,..,..
Government expenditure on education, total (% of GDP),SE.XPD.TOTL.GD.ZS,Ireland,IRL,4.13662004470825,4.09192991256714,4.10618019104004,4.20553016662598,4.48631000518799,4.52211999893188,4.54547023773193,4.71225023269653,5.44451999664307,6.13522005081177,6.04340982437134,5.82037019729614,5.31576013565063,4.88844013214111,..,..,..
Government expenditure on education, total (% of GDP),SE.XPD.TOTL.GD.ZS,Israel,ISR,6.11819982528687,6.37935018539429,6.46928977966309,6.35458993911743,5.94581985473633,5.76243019104004,5.76303005218506,5.50995016098022,5.54223012924194,5.49584007263184,5.5444598197937,5.56352996826172,5.84309005737305,5.73908996582031,..,..,..
Government expenditure on education, total (% of GDP),SE.XPD.TOTL.GD.ZS,Italy,ITA,4.2988600730896,4.66887998580933,4.44711017608643,4.55480003356934,4.3971700668335,4.24942016601563,4.53776979446411,4.11851978302002,4.40287017822266,4.53631019592285,4.35238981246948,4.14407014846802,4.16472005844116,4.07525014877319,..,..,..
Government expenditure on education, total (% of GDP),SE.XPD.TOTL.GD.ZS,Japan,JPN,3.51617002487183,3.45707011222839,3.46536993980408,3.52368998527527,3.483069896698,3.36861991882324,3.3290901184082,3.33094000816345,3.3191499710083,..,3.63949990272522,3.64258003234863,3.66538000106812,3.59059000015259,..,..,..
"Government expenditure on education, total (% of GDP),SE.XPD.TOTL.GD.ZS,""Korea, Rep."",KOR,..,3.89742994308472,3.79261994361877,4.13241004943848,4.11529016494751,3.90137004852295,3.96743011474609,3.95229005813599,4.46395015716553,4.66982984542847,..,..,4.93069982528687,5.05671977996826,5.06544017791748,..,.."
Government expenditure on education, total (% of GDP),SE.XPD.TOTL.GD.ZS,Latvia,LVA,5.28829002380371,5.45488977432251,5.60875988006592,5.06728982925415,4.8550500869751,..,4.71155023574829,4.65621995925903,5.40537977218628,5.57353019714355,5.08097982406616,4.93699979782104,6.97168016433716,5.26879978179932,..,..,..
Government expenditure on education, total (% of GDP),SE.XPD.TOTL.GD.ZS,Luxembourg,LUX,..,3.55579996109009,..,..,..,..,..,..,..,..,..,..,..,3.99439001083374,..,..,..
"Government expenditure on education, total (% of GDP),SE.XPD.TOTL.GD.ZS,""Macao SAR, China"",MAC,3.34086990356445,2.73401999473572,2.86199998855591,2.79764008522034,2.24564003944397,2.29064989089966,2.20638990402222,2.05451989173889,2.20792007446289,2.54646992683411,2.62949991226196,2.68518996238709,2.04986000061035,2.03205990791321,2.97817993164063,..,.."
Government expenditure on education, total (% of GDP),SE.XPD.TOTL.GD.ZS,Mexico,MEX,4.13410997390747,4.42831993103027,4.63847017288208,5.18673992156982,4.80017995834351,4.90794992446899,4.74912977218628,4.73197984695435,4.85821008682251,5.21749019622803,5.191969871521,5.14620018005371,4.7424201965332,5.32586002349854,..,..,..
Government expenditure on education, total (% of GDP),SE.XPD.TOTL.GD.ZS,Netherlands,NLD,4.62550020217896,4.7507700920105,4.87038993835449,5.10149002075195,5.11464023590088,5.15879011154175,5.09046983718872,4.93376016616821,5.09226989746094,5.49579000473022,5.55579996109009,5.5261697769165,5.59187984466553,5.52931022644043,..,..,..
Government expenditure on education, total (% of GDP),SE.XPD.TOTL.GD.ZS,New Zealand,NZL,..,6.56049013137817,6.40699005126953,6.43747997283936,6.51203012466431,6.27892017364502,5.95279979705811,5.91603994369507,5.50641012191772,6.28116989135742,7.00248003005981,6.93668985366821,6.70207977294922,6.35525989532471,6.34451007843018,..,..
Government expenditure on education, total (% of GDP),SE.XPD.TOTL.GD.ZS,Norway,NOR,6.46468019485474,6.82941007614136,7.44131994247437,7.4197998046875,7.30251979827881,6.86868000030518,6.38566017150879,6.53203010559082,6.28107976913452,7.09543991088867,6.74045991897583,6.44743013381958,7.47476005554199,7.68073987960815,..,..,..
Government expenditure on education, total (% of GDP),SE.XPD.TOTL.GD.ZS,Peru,PER,3.22802996635437,3.03712010383606,2.82056999206543,2.93779993057251,2.95787000656128,2.83903002738953,2.65281009674072,2.62940001487732,2.8677499294281,3.13994002342224,2.86730003356934,2.6635000705719,3.2966001033783,3.6912100315094,3.98177003860474,3.80698990821838,..
Government expenditure on education, total (% of GDP),SE.XPD.TOTL.GD.ZS,Poland,POL,4.99361991882324,5.32975006103516,5.39797019958496,5.33218002319336,5.35574007034302,5.42608976364136,5.20572996139526,4.86834001541138,5.04044008255005,4.98909997940063,5.06842994689941,4.82011985778809,4.940110206604,4.91240978240967,..,..,..
Government expenditure on education, total (% of GDP),SE.XPD.TOTL.GD.ZS,Portugal,PRT,5.16176986694336,5.33506011962891,5.2558798789978,5.27826976776123,5.0423002243042,5.07075977325439,4.90802001953125,4.92190980911255,4.70212984085083,5.56213998794556,5.4028902053833,5.12129020690918,5.27787017822266,5.12325000762939,..,..,..
Government expenditure on education, total (% of GDP),SE.XPD.TOTL.GD.ZS,Russian Federation,RUS,2.93981003761292,3.10601997375488,3.8390200138092,3.67853999137878,3.54786992073059,3.77192997932434,3.86626005172729,..,4.10174989700317,..,..,..,..,..,..,..,..
Government expenditure on education, total (% of GDP),SE.XPD.TOTL.GD.ZS,Singapore,SGP,3.32136011123657,3.55137991905212,3.90062999725342,4.00778007507324,3.67701005935669,3.21966004371643,2.86787009239197,2.96336007118225,2.77936005592346,3.03184008598328,3.10836005210876,3.07418990135193,2.91283988952637,..,..,..,..
Government expenditure on education, total (% of GDP),SE.XPD.TOTL.GD.ZS,Slovak Republic,SVK,3.87198996543884,3.94198989868164,4.25106000900269,4.217209815979,4.10812997817993,3.76521992683411,3.71354007720947,3.52932000160217,3.52674007415771,4.01094007492065,4.11588001251221,3.96231007575989,4.08665990829468,4.23067998886108,4.64977979660034,..,..
Government expenditure on education, total (% of GDP),SE.XPD.TOTL.GD.ZS,Slovenia,SVN,..,5.75709009170532,5.65511989593506,5.69127988815308,5.63517999649048,5.58240985870361,5.57559013366699,5.10509014129639,5.10609006881714,5.56859016418457,5.56251001358032,5.56562995910645,5.43781995773315,5.29443979263306,..,..,..
Government expenditure on education, total (% of GDP),SE.XPD.TOTL.GD.ZS,Spain,ESP,4.17637014389038,4.11988019943237,4.13603019714355,4.16717004776001,4.14829015731812,4.13003015518188,4.16759014129639,4.23332023620605,4.50093984603882,4.86771011352539,4.81911993026733,4.86633014678955,4.32834005355835,4.27990007400513,..,..,..
Government expenditure on education, total (% of GDP),SE.XPD.TOTL.GD.ZS,Sweden,SWE,6.81885004043579,6.68600988388062,7.00103998184204,6.8576397895813,6.72268009185791,6.55951023101807,6.41066980361938,6.21506977081299,6.3907299041748,6.85778999328613,6.62199020385742,6.49111986160278,7.71774005889893,7.68125009536743,..,..,..
Government expenditure on education, total (% of GDP),SE.XPD.TOTL.GD.ZS,Switzerland,CHE,4.78140020370483,4.95980978012085,5.31429004669189,5.52375984191895,5.44573020935059,5.20410013198853,4.9615797996521,4.68737983703613,4.86799001693726,5.04118013381958,4.92605018615723,4.9698600769043,5.04048013687134,5.05122995376587,..,..,..
Government expenditure on education, total (% of GDP),SE.XPD.TOTL.GD.ZS,Turkey,TUR,2.52907991409302,2.65434002876282,2.74893999099731,2.87663006782532,3.02020001411438,..,2.75062990188599,..,..,..,..,..,4.36409997940063,4.37116003036499,..,..,..
Government expenditure on education, total (% of GDP),SE.XPD.TOTL.GD.ZS,United Kingdom,GBR,4.07179021835327,4.14388990402222,4.69248008728027,4.84832000732422,4.77277994155884,4.97698020935059,5.02086019515991,4.95340013504028,4.93553018569946,5.13067007064819,5.77046012878418,5.67332983016968,5.61871004104614,5.69341993331909,5.63148021697998,..,..
Government expenditure on education, total (% of GDP),SE.XPD.TOTL.GD.ZS,United States,USA,..,..,..,..,..,..,..,..,..,..,5.42001008987427,5.22389984130859,4.94378995895386,4.98948001861572,..,..,..
Pupil-teacher ratio, primary,SE.PRM.ENRL.TC.ZS,Australia,AUS,..,..,..,..,..,..,..,..,..,..,..,..,..,..,..,..,..
Pupil-teacher ratio, primary,SE.PRM.ENRL.TC.ZS,Austria,AUT,..,..,13.2680101394653,13.1815996170044,13.1338901519775,12.4088401794434,12.2329196929932,11.8620300292969,11.6293201446533,11.3631401062012,11.0283098220825,10.8939800262451,10.7042999267578,10.7176599502563,10.5841503143311,10.3037395477295,..
Pupil-teacher ratio, primary,SE.PRM.ENRL.TC.ZS,Belgium,BEL,11.9828100204468,12.1316604614258,11.9429302215576,11.8788299560547,11.5730695724487,11.4904003143311,11.2831697463989,11.2027101516724,11.1789999008179,11.1409397125244,11.0342903137207,11.1892404556274,11.1429195404053,11.2394695281982,11.2312698364258,..,..
Pupil-teacher ratio, primary,SE.PRM.ENRL.TC.ZS,Brazil,BRA,24.796989440918,22.9708690643311,22.3533096313477,21.5675296783447,21.3867607116699,21.0436496734619,..,23.8582801818848,23.0246696472168,22.6441097259521,22.1660900115967,21.2850704193115,21.2274894714355,20.918140411377,21.5158004760742,..,..
Pupil-teacher ratio, primary,SE.PRM.ENRL.TC.ZS,Canada,CAN,17.4159603118896,..,..,..,..,..,..,..,..,..,..,..,..,..,..,..,..
Pupil-teacher ratio, primary,SE.PRM.ENRL.TC.ZS,Chile,CHL,32.2268295288086,..,32.9275512695313,34.0928001403809,27.2950096130371,26.0513305664063,25.735969543457,25.1116790771484,24.6402397155762,23.0095691680908,23.4115390777588,21.9740295410156,19.5258693695068,18.6506195068359,18.377799987793,..,..
Pupil-teacher ratio, primary,SE.PRM.ENRL.TC.ZS,Colombia,COL,26.4524097442627,26.0171298980713,26.8198890686035,..,27.9517192840576,28.3483905792236,28.183219909668,29.519739151001,29.3957004547119,29.3090801239014,28.1310691833496,27.5796508789063,24.9836406707764,24.2867603302002,23.7992992401123,24.2280101776123,..
Pupil-teacher ratio, primary,SE.PRM.ENRL.TC.ZS,Czech Republic,CZE,16.8854293823242,17.7102603912354,17.3542995452881,16.7940502166748,16.4127407073975,16.2455101013184,15.6576795578003,18.7278003692627,18.4750308990479,18.5008392333984,18.7071304321289,18.8212604522705,18.9317493438721,..,..,..,..
Pupil-teacher ratio, primary,SE.PRM.ENRL.TC.ZS,Denmark,DNK,10.1221704483032,9.93301010131836,..,..,..,..,..,..,..,..,..,..,..,10.737380027771,..,..,..
Pupil-teacher ratio, primary,SE.PRM.ENRL.TC.ZS,Estonia,EST,14.3228902816772,14.1057100296021,..,..,..,..,10.589280128479,12.8270597457886,12.1525802612305,11.8976202011108,11.7234497070313,11.7828998565674,11.4995403289795,..,..,..,..
Pupil-teacher ratio, primary,SE.PRM.ENRL.TC.ZS,Finland,FIN,16.6872901916504,15.8964700698853,15.5687599182129,16.3478603363037,15.9558296203613,15.5342397689819,15.0094003677368,15.0338697433472,14.3940000534058,13.6464195251465,14.0305595397949,13.6709403991699,13.1971797943115,13.3320398330688,..,13.3217897415161,..
Pupil-teacher ratio, primary,SE.PRM.ENRL.TC.ZS,France,FRA,18.7464294433594,18.7464408874512,18.63916015625,18.6392307281494,18.6406593322754,18.5549297332764,18.6707096099854,18.950159072876,19.0374908447266,18.7293796539307,17.766429901123,17.5182991027832,18.1765995025635,..,..,..,..
Pupil-teacher ratio, primary,SE.PRM.ENRL.TC.ZS,Germany,DEU,15.2833099365234,14.7645301818848,14.2935400009155,14.0477600097656,14.1900396347046,14.1223297119141,13.9637498855591,13.6284303665161,13.4974298477173,13.0022497177124,12.6838302612305,11.8241500854492,11.5802698135376,12.2994203567505,12.2230501174927,..,..
Pupil-teacher ratio, primary,SE.PRM.ENRL.TC.ZS,Greece,GRC,13.4149599075317,12.726149559021,12.5245704650879,11.9425601959229,11.2593898773193,11.0628595352173,10.5357303619385,10.2888698577881,..,..,..,..,9.4932804107666,9.4476900100708,9.64365005493164,..,..
"Pupil-teacher ratio, primary,SE.PRM.ENRL.TC.ZS,""Hong Kong SAR, China"",HKG,21.5000190734863,21.0992794036865,20.1668891906738,19.7698402404785,18.7644004821777,18.3470001220703,17.7590007781982,16.9405307769775,16.547290802002,15.8538999557495,15.1648502349854,14.7997398376465,13.9925804138184,13.8493204116821,13.6624803543091,13.6750202178955,.."
Pupil-teacher ratio, primary,SE.PRM.ENRL.TC.ZS,Hungary,HUN,10.7092399597168,10.5383100509644,10.2773303985596,9.58843040466309,10.4732303619385,10.442910194397,10.247859954834,10.0551595687866,10.4176597595215,10.4966602325439,10.5785703659058,10.5474996566772,10.4028196334839,11.2435998916626,10.978630065918,10.7674398422241,..
Pupil-teacher ratio, primary,SE.PRM.ENRL.TC.ZS,Iceland,ISL,..,..,..,..,..,..,..,..,..,..,..,9.7007303237915,9.85604953765869,9.99398040771484,10.1440496444702,..,..
Pupil-teacher ratio, primary,SE.PRM.ENRL.TC.ZS,Indonesia,IDN,22.1177196502686,22.2452392578125,20.9018592834473,20.2941799163818,20.1259803771973,20.4133605957031,19.0000705718994,18.8159294128418,20.6885204315186,19.7761306762695,19.0116996765137,18.9804000854492,16.0940799713135,16.5593490600586,..,13.9781398773193,..
Pupil-teacher ratio, primary,SE.PRM.ENRL.TC.ZS,Ireland,IRL,..,20.2889099121094,19.4067192077637,18.6725292205811,18.1676807403564,17.865119934082,17.2022495269775,15.9398403167725,15.8621702194214,15.8115301132202,15.8037595748901,15.5706901550293,..,..,..,..,..
Pupil-teacher ratio, primary,SE.PRM.ENRL.TC.ZS,Israel,ISR,13.5706996917725,13.4358396530151,13.3973398208618,13.192440032959,13.200719833374,13.0188398361206,13.3466596603394,13.1413497924805,13.0257701873779,13.0678100585938,13.0587701797485,12.5025596618652,12.1167697906494,12.1135702133179,12.0883798599243,..,..
Pupil-teacher ratio, primary,SE.PRM.ENRL.TC.ZS,Italy,ITA,10.9584102630615,10.6989097595215,10.5909595489502,10.8275003433228,10.6162395477295,10.4947204589844,10.554030418396,10.3259496688843,..,..,..,..,12.0342302322388,12.0678596496582,12.0271596908569,..,..
Pupil-teacher ratio, primary,SE.PRM.ENRL.TC.ZS,Japan,JPN,20.6906299591064,20.3929405212402,20.0412197113037,19.5565299987793,19.1508693695068,18.8950500488281,18.706859588623,18.4874095916748,18.2828807830811,18.0531196594238,17.7727508544922,17.4956092834473,16.7319393157959,16.4472503662109,16.1766605377197,..,..
"Pupil-teacher ratio, primary,SE.PRM.ENRL.TC.ZS,""Korea, Rep."",KOR,32.1207313537598,32.023998260498,31.2579593658447,30.0979499816895,29.02174949646,27.9315891265869,26.6245098114014,25.5944595336914,24.0670108795166,22.3829898834229,20.9179706573486,19.049409866333,16.8516693115234,16.5045509338379,16.5542392730713,..,.."
Pupil-teacher ratio, primary,SE.PRM.ENRL.TC.ZS,Latvia,LVA,15.1000604629517,14.9939098358154,14.3443698883057,13.7008199691772,12.9776802062988,12.2008695602417,11.7623500823975,11.0424098968506,11.1117496490479,10.4477796554565,11.8849000930786,11.4135999679565,11.1624097824097,11.0875396728516,11.1324901580811,..,..
Pupil-teacher ratio, primary,SE.PRM.ENRL.TC.ZS,Luxembourg,LUX,..,11.7381801605225,11.7407503128052,11.4905595779419,11.526650428772,11.3283700942993,11.1034202575684,11.0839004516602,11.9084196090698,..,9.29397964477539,8.99283027648926,8.14087963104248,8.16851043701172,8.45773029327393,..,..
"Pupil-teacher ratio, primary,SE.PRM.ENRL.TC.ZS,""Macao SAR, China"",MAC,29.950569152832,28.3093605041504,27.4554500579834,25.9547996520996,24.4313697814941,23.2448692321777,21.4836101531982,20.3535194396973,18.2447605133057,17.3394298553467,16.0596103668213,14.8470697402954,13.7059202194214,13.6980199813843,14.0836200714111,13.8553495407104,.."
Pupil-teacher ratio, primary,SE.PRM.ENRL.TC.ZS,Mexico,MEX,27.1579303741455,26.9830799102783,26.8702697753906,26.6602897644043,28.4715690612793,28.3176002502441,28.0039691925049,27.9903907775879,28.0241603851318,28.116720199585,28.1467208862305,28.1119899749756,27.6909599304199,27.4087600708008,26.9270095825195,26.7420101165771,..
Pupil-teacher ratio, primary,SE.PRM.ENRL.TC.ZS,Netherlands,NLD,..,..,..,..,..,..,..,..,..,..,..,11.5583200454712,11.6561098098755,11.66685962677,11.6235599517822,11.7299499511719,..
Pupil-teacher ratio, primary,SE.PRM.ENRL.TC.ZS,New Zealand,NZL,18.4481792449951,17.4554195404053,17.4051494598389,17.7749996185303,16.3742694854736,16.2743892669678,15.8859796524048,15.6840496063232,15.3171997070313,14.6081495285034,14.4884996414185,14.550479888916,..,14.3669595718384,14.4962797164917,..,..
Pupil-teacher ratio, primary,SE.PRM.ENRL.TC.ZS,Norway,NOR,..,..,..,..,..,..,..,..,..,..,..,..,8.95777988433838,8.85048007965088,8.86857032775879,..,..
Pupil-teacher ratio, primary,SE.PRM.ENRL.TC.ZS,Peru,PER,28.7438507080078,29.2837905883789,25.0856304168701,23.9614391326904,23.3045406341553,23.0281295776367,21.8815593719482,21.793270111084,20.8770694732666,20.1571598052979,19.6816596984863,19.56369972229,18.0839405059814,17.661039352417,17.9766998291016,18.3176498413086,..
Pupil-teacher ratio, primary,SE.PRM.ENRL.TC.ZS,Poland,POL,..,11.1418504714966,..,12.6528301239014,..,11.5433797836304,11.2345399856567,10.6365299224854,9.94155025482178,9.61028003692627,9.31659030914307,10.1553602218628,10.229510307312,10.1924495697021,10.4905796051025,..,..
Pupil-teacher ratio, primary,SE.PRM.ENRL.TC.ZS,Portugal,PRT,13.2390203475952,12.9473600387573,11.0654201507568,11.111029624939,11.571310043335,10.5250196456909,10.6009302139282,11.7255201339722,11.2632503509521,11.2495403289795,10.8293504714966,11.1004295349121,12.7816200256348,13.4067497253418,13.3061895370483,..,..
Pupil-teacher ratio, primary,SE.PRM.ENRL.TC.ZS,Russian Federation,RUS,17.5864906311035,16.9963092803955,16.9564399719238,16.6330699920654,..,16.7451705932617,17.1469707489014,17.1210403442383,17.4469890594482,18.0629596710205,..,..,19.8286094665527,19.8080196380615,20.1437492370605,..,..
Pupil-teacher ratio, primary,SE.PRM.ENRL.TC.ZS,Singapore,SGP,..,..,..,..,..,..,..,20.4233207702637,19.3046092987061,17.4392890930176,..,..,..,..,..,..,..
Pupil-teacher ratio, primary,SE.PRM.ENRL.TC.ZS,Slovak Republic,SVK,17.5774898529053,19.7039108276367,19.11083984375,18.3926391601563,17.6772499084473,17.5073299407959,17.2009601593018,15.3465595245361,16.6138706207275,15.7191801071167,15.2404203414917,15.0784101486206,15.0467596054077,15.2363500595093,15.2493295669556,..,..
Pupil-teacher ratio, primary,SE.PRM.ENRL.TC.ZS,Slovenia,SVN,..,12.9965400695801,12.4975996017456,12.6503496170044,15.096360206604,15.132550239563,15.1887302398682,17.6481800079346,17.4406700134277,17.1558494567871,17.0168800354004,16.7077007293701,16.8859004974365,16.7488708496094,16.9046192169189,..,..
Pupil-teacher ratio, primary,SE.PRM.ENRL.TC.ZS,Spain,ESP,14.544340133667,14.3044099807739,14.0089197158813,13.8761100769043,13.931489944458,13.7507801055908,13.5826501846313,12.8264999389648,12.4238796234131,12.6221599578857,12.4014501571655,12.3987598419189,13.3197498321533,13.0962896347046,13.1862297058105,..,..
Pupil-teacher ratio, primary,SE.PRM.ENRL.TC.ZS,Sweden,SWE,11.8377799987793,11.4001197814941,11.4659595489502,11.1887502670288,10.1098899841309,10.0503797531128,9.9662504196167,9.80459976196289,9.55123043060303,9.34008979797363,9.53888034820557,9.26630020141602,11.809229850769,11.9300403594971,12.0975399017334,..,..
Pupil-teacher ratio, primary,SE.PRM.ENRL.TC.ZS,Switzerland,CHE,..,..,..,..,..,..,..,..,..,..,..,..,10.4458799362183,10.1043195724487,..,..,..
Pupil-teacher ratio, primary,SE.PRM.ENRL.TC.ZS,Turkey,TUR,..,..,..,..,..,..,..,..,..,..,..,..,19.8335399627686,19.3275508880615,18.4051303863525,..,..
Pupil-teacher ratio, primary,SE.PRM.ENRL.TC.ZS,United Kingdom,GBR,18.6647605895996,17.5852298736572,17.1751403808594,17.1049308776855,18.0940093994141,17.4735908508301,18.0804500579834,17.2442607879639,18.2699909210205,17.9619808197021,17.5270595550537,17.2653999328613,18.4375190734863,17.3882007598877,..,..,..
Pupil-teacher ratio, primary,SE.PRM.ENRL.TC.ZS,United States,USA,15.0081100463867,15.4441900253296,14.8271198272705,14.8135595321655,14.2110900878906,14.1297197341919,13.8078699111938,13.7955598831177,13.6890802383423,13.8721504211426,13.5908403396606,14.2852201461792,14.4536695480347,14.5374898910522,14.4572296142578,..,..
Pupil-teacher ratio, secondary,SE.SEC.ENRL.TC.ZS,Australia,AUS,..,..,..,..,..,..,..,..,..,..,..,..,..,..,..,..,..
Pupil-teacher ratio, secondary,SE.SEC.ENRL.TC.ZS,Austria,AUT,..,..,10.4373502731323,10.5250797271729,10.7067203521729,10.983229637146,10.9434404373169,10.8463497161865,10.5796604156494,10.2824897766113,9.97249984741211,9.67872047424316,9.67333030700684,9.61071014404297,9.57662963867188,9.41777038574219,..
Pupil-teacher ratio, secondary,SE.SEC.ENRL.TC.ZS,Belgium,BEL,10.0571203231812,10.3467102050781,10.5711698532104,..,..,..,..,..,..,..,..,..,9.44806003570557,9.4235897064209,9.42496013641357,..,..
Pupil-teacher ratio, secondary,SE.SEC.ENRL.TC.ZS,Brazil,BRA,..,..,19.1207294464111,16.7302093505859,16.0171203613281,15.4277696609497,..,18.5515899658203,17.1954193115234,17.138650894165,16.663610458374,16.3498497009277,17.2630805969238,16.6917400360107,16.4513893127441,..,..
Pupil-teacher ratio, secondary,SE.SEC.ENRL.TC.ZS,Canada,CAN,..,..,..,..,..,..,..,..,..,..,..,..,..,..,..,..,..
Pupil-teacher ratio, secondary,SE.SEC.ENRL.TC.ZS,Chile,CHL,29.3532009124756,..,32.5555610656738,..,25.1925601959229,24.7686500549316,24.4126892089844,23.7109203338623,23.3264694213867,22.4076194763184,21.8657093048096,21.0573997497559,21.001220703125,20.0623798370361,19.4418506622314,..,..
Pupil-teacher ratio, secondary,SE.SEC.ENRL.TC.ZS,Colombia,COL,19.1954193115234,..,20.9247398376465,..,24.6472301483154,26.1716499328613,27.3657207489014,25.2348003387451,..,26.6563205718994,27.1463394165039,25.5813694000244,25.4984092712402,24.9012908935547,25.5773506164551,26.0176792144775,..
Pupil-teacher ratio, secondary,SE.SEC.ENRL.TC.ZS,Czech Republic,CZE,..,10.8058099746704,10.8093204498291,10.7575302124023,10.3069200515747,10.44983959198,10.5463800430298,11.5532503128052,11.3213300704956,11.1531400680542,10.9763402938843,11.3269100189209,11.548469543457,..,..,..,..
Pupil-teacher ratio, secondary,SE.SEC.ENRL.TC.ZS,Denmark,DNK,9.55770015716553,10.0526599884033,..,..,..,..,..,..,..,..,..,..,..,11.290340423584,..,..,..
Pupil-teacher ratio, secondary,SE.SEC.ENRL.TC.ZS,Estonia,EST,9.79109001159668,10.0549297332764,..,..,..,..,..,9.92588996887207,9.40907001495361,9.44342041015625,8.76124000549316,8.77000999450684,8.09776973724365,..,..,..,..
Pupil-teacher ratio, secondary,SE.SEC.ENRL.TC.ZS,Finland,FIN,12.7422895431519,13.1808004379272,12.7734203338623,12.2262802124023,10.1534099578857,10.2566795349121,9.86690044403076,9.79413986206055,10.0307703018188,9.88786029815674,9.90598011016846,9.50424003601074,12.7065896987915,12.7581100463867,..,13.2411699295044,..
Pupil-teacher ratio, secondary,SE.SEC.ENRL.TC.ZS,France,FRA,11.7982597351074,11.605770111084,11.4630899429321,11.4672803878784,11.3966302871704,11.4308395385742,12.0985202789307,12.0996103286743,12.2757797241211,12.4965896606445,12.6801795959473,12.6911497116089,12.9392004013062,..,..,..,..
Pupil-teacher ratio, secondary,SE.SEC.ENRL.TC.ZS,Germany,DEU,14.363109588623,14.2565202713013,14.348560333252,14.1866502761841,14.0240898132324,13.8803701400757,13.7812099456787,13.4598598480225,13.23876953125,13.238320350647,12.9059600830078,12.8790702819824,12.5562801361084,12.20458984375,12.1337099075317,..,..
Pupil-teacher ratio, secondary,SE.SEC.ENRL.TC.ZS,Greece,GRC,9.7602596282959,9.41532039642334,8.97739028930664,8.60019016265869,8.29880046844482,8.28503036499023,8.1897497177124,7.88334989547729,..,..,..,..,7.71531009674072,8.30618953704834,8.66633987426758,..,..
"Pupil-teacher ratio, secondary,SE.SEC.ENRL.TC.ZS,""Hong Kong SAR, China"",HKG,..,18.838960647583,18.4688091278076,18.3454303741455,18.0379600524902,18.0687408447266,17.8257694244385,17.4319000244141,17.2400207519531,16.8873291015625,16.6787796020508,15.7913904190063,14.1981801986694,13.6053800582886,12.9568195343018,12.3706903457642,.."
Pupil-teacher ratio, secondary,SE.SEC.ENRL.TC.ZS,Hungary,HUN,9.84323978424072,10.6770496368408,10.8644800186157,10.9614200592041,9.85161972045898,9.94134998321533,9.85824012756348,9.83302021026611,10.223219871521,10.3289804458618,10.1955900192261,10.0293102264404,10.4802598953247,10.9033098220825,10.2913999557495,9.97457027435303,..
Pupil-teacher ratio, secondary,SE.SEC.ENRL.TC.ZS,Iceland,ISL,..,..,..,..,..,..,..,..,..,..,..,..,..,..,..,..,..
Pupil-teacher ratio, secondary,SE.SEC.ENRL.TC.ZS,Indonesia,IDN,14.5718202590942,14.2566604614258,13.5815801620483,14.2342100143433,14.2007598876953,12.4783296585083,12.2663297653198,13.0443000793457,11.9597101211548,12.593560218811,12.1764802932739,14.7671203613281,15.3752899169922,15.4730997085571,..,14.1149196624756,..
Pupil-teacher ratio, secondary,SE.SEC.ENRL.TC.ZS,Ireland,IRL,..,..,..,..,..,..,..,..,..,..,..,..,..,..,..,..,..
Pupil-teacher ratio, secondary,SE.SEC.ENRL.TC.ZS,Israel,ISR,10.6371002197266,9.97080993652344,9.89690017700195,9.83351993560791,9.78641986846924,9.88564968109131,10.074649810791,10.0572700500488,9.89721012115479,9.76438999176025,..,..,..,..,..,..,..
Pupil-teacher ratio, secondary,SE.SEC.ENRL.TC.ZS,Italy,ITA,10.4542198181152,10.139820098877,10.2476501464844,10.5757703781128,10.8044395446777,10.5400400161743,10.6169996261597,10.101149559021,..,..,..,..,11.375470161438,..,11.2929697036743,..,..
Pupil-teacher ratio, secondary,SE.SEC.ENRL.TC.ZS,Japan,JPN,13.9758901596069,13.8311100006104,13.5496301651001,13.2180995941162,12.8861904144287,12.632360458374,12.4044904708862,12.2223300933838,12.116849899292,11.9678201675415,11.8861598968506,11.7946395874023,..,11.441780090332,11.3877000808716,..,..
"Pupil-teacher ratio, secondary,SE.SEC.ENRL.TC.ZS,""Korea, Rep."",KOR,21.0203609466553,19.9079608917236,18.2353992462158,17.6831798553467,17.8092403411865,18.1040306091309,18.0368804931641,18.1059799194336,18.0528793334961,18.0194492340088,17.6365203857422,16.2052993774414,15.6110496520996,14.9144601821899,14.4072399139404,..,.."
Pupil-teacher ratio, secondary,SE.SEC.ENRL.TC.ZS,Latvia,LVA,10.73766040802,11.2438697814941,11.3600397109985,11.1467695236206,11.0282897949219,10.8116102218628,10.2544202804565,..,9.84144973754883,8.60649013519287,9,8.33016014099121,8.32843017578125,8.21485996246338,8.03225994110107,..,..
Pupil-teacher ratio, secondary,SE.SEC.ENRL.TC.ZS,Luxembourg,LUX,10.8861799240112,10.7539196014404,10.6169700622559,10.5873699188232,10.4816904067993,10.2908697128296,10.0924501419067,10.1754999160767,10.1966800689697,..,8.49530982971191,8.62160968780518,7.95459985733032,9.11907005310059,9.44748020172119,..,..
"Pupil-teacher ratio, secondary,SE.SEC.ENRL.TC.ZS,""Macao SAR, China"",MAC,23.8804893493652,24.0240592956543,23.9686298370361,24.8045806884766,23.2428798675537,22.4068393707275,21.5380706787109,20.5475101470947,18.9577407836914,17.1438503265381,16.2301502227783,14.7538604736328,13.112099647522,12.2063999176025,11.4446601867676,10.6620903015137,.."
Pupil-teacher ratio, secondary,SE.SEC.ENRL.TC.ZS,Mexico,MEX,16.9228496551514,16.8771991729736,16.9642391204834,17.1406307220459,17.9465293884277,17.8016395568848,17.8304195404053,17.9158096313477,18.0074405670166,17.6396808624268,17.9126091003418,17.6773109436035,17.9559707641602,16.1233901977539,16.0821304321289,16.3068408966064,..
Pupil-teacher ratio, secondary,SE.SEC.ENRL.TC.ZS,Netherlands,NLD,..,..,13.4691801071167,13.0853700637817,12.7364902496338,13.132360458374,13.3074798583984,13.316650390625,13.1822700500488,13.3998603820801,13.7293300628662,13.5741195678711,14.2671804428101,14.5957698822021,14.4627599716187,14.4034595489502,..
Pupil-teacher ratio, secondary,SE.SEC.ENRL.TC.ZS,New Zealand,NZL,15.5497102737427,15.0342798233032,..,14.1861000061035,13.1779899597168,14.7109498977661,14.7096796035767,14.6345100402832,14.4931001663208,14.3059902191162,14.5007400512695,14.3682203292847,..,13.9623603820801,13.8154497146606,..,..
Pupil-teacher ratio, secondary,SE.SEC.ENRL.TC.ZS,Norway,NOR,..,..,..,..,..,..,..,..,..,..,..,..,..,..,8.51387023925781,..,..
Pupil-teacher ratio, secondary,SE.SEC.ENRL.TC.ZS,Peru,PER,20.3575401306152,20.3155498504639,18.9134693145752,16.1843395233154,16.6359996795654,16.7257099151611,16.2143096923828,16.3880004882813,16.2388591766357,16.5314598083496,15.9904403686523,16.6935901641846,15.463210105896,14.2013502120972,14.0905504226685,14.3398303985596,..
Pupil-teacher ratio, secondary,SE.SEC.ENRL.TC.ZS,Poland,POL,..,13.2037200927734,..,14.1146097183228,..,11.6370496749878,11.4644403457642,11.1536903381348,11.0412702560425,10.6805896759033,10.394889831543,8.9096097946167,9.53320026397705,9.45975971221924,9.31840038299561,..,..
Pupil-teacher ratio, secondary,SE.SEC.ENRL.TC.ZS,Portugal,PRT,9.7938404083252,9.72101020812988,8.8971996307373,8.77610969543457,7.74782991409302,7.13760995864868,7.06037998199463,7.3182201385498,7.25845003128052,7.27779006958008,7.3472900390625,7.52542018890381,9.77289962768555,9.89420032501221,9.92870044708252,..,..
Pupil-teacher ratio, secondary,SE.SEC.ENRL.TC.ZS,Russian Federation,RUS,..,..,..,..,..,9.51930999755859,8.99244976043701,8.63290977478027,8.52573013305664,8.46535968780518,..,..,..,..,..,..,..
Pupil-teacher ratio, secondary,SE.SEC.ENRL.TC.ZS,Singapore,SGP,..,..,..,..,..,..,..,16.9589405059814,16.3607006072998,14.9102201461792,..,..,..,..,..,..,..
Pupil-teacher ratio, secondary,SE.SEC.ENRL.TC.ZS,Slovak Republic,SVK,12.2335300445557,12.7217702865601,12.6598596572876,12.9219799041748,12.9083404541016,13.1152095794678,12.8290796279907,12.8131904602051,12.5876703262329,12.3733396530151,12.0326595306396,11.6708498001099,11.2302103042603,11.1129999160767,11.1522903442383,..,..
Pupil-teacher ratio, secondary,SE.SEC.ENRL.TC.ZS,Slovenia,SVN,12.9234399795532,13.1430997848511,13.0275497436523,13.7322196960449,11.4132795333862,11.2099800109863,10.6266403198242,9.43939971923828,9.33901023864746,9.1832103729248,9.07180023193359,8.96265029907227,10.0677499771118,10.103630065918,10.2056903839111,..,..
Pupil-teacher ratio, secondary,SE.SEC.ENRL.TC.ZS,Spain,ESP,11.3821496963501,10.8733901977539,11.0480499267578,11.1086301803589,11.0071496963501,11.0981502532959,10.9525003433228,10.8063297271729,10.8042697906494,10.5483303070068,10.8048801422119,11.0529098510742,12.013279914856,11.9095697402954,11.9829397201538,..,..
Pupil-teacher ratio, secondary,SE.SEC.ENRL.TC.ZS,Sweden,SWE,14.3475799560547,13.953709602356,13.3118000030518,12.7263603210449,9.45998954772949,9.66166019439697,9.49063968658447,9.62452030181885,9.67691993713379,9.6157398223877,9.71082019805908,9.5108003616333,12.2993898391724,12.6189699172974,12.8734502792358,..,..
Pupil-teacher ratio, secondary,SE.SEC.ENRL.TC.ZS,Switzerland,CHE,..,..,..,..,..,..,..,..,..,..,..,..,..,..,..,..,..
Pupil-teacher ratio, secondary,SE.SEC.ENRL.TC.ZS,Turkey,TUR,..,..,..,..,..,..,..,..,..,..,..,..,20.1325206756592,19.481050491333,18.4528694152832,..,..
Pupil-teacher ratio, secondary,SE.SEC.ENRL.TC.ZS,United Kingdom,GBR,15.0517101287842,14.8695602416992,15.4806604385376,15.3412599563599,15.3199796676636,14.8655796051025,14.5404500961304,14.0053300857544,14.2692203521729,..,..,..,15.8664798736572,15.829460144043,15.4590501785278,..,..
Pupil-teacher ratio, secondary,SE.SEC.ENRL.TC.ZS,United States,USA,14.6057996749878,15.1627101898193,14.8834495544434,14.9155302047729,14.9754199981689,14.9440803527832,14.6182203292847,14.5639095306396,14.3765897750854,13.9601697921753,13.7594299316406,14.4905595779419,14.6957397460938,14.7868299484253,14.6969699859619,..,..
,,,,,,,,,,,,,,,,,,,,
,,,,,,,,,,,,,,,,,,,,
,,,,,,,,,,,,,,,,,,,,
Data from database: World Development Indicators,,,,,,,,,,,,,,,,,,,,
Last Updated: 11/14/2018,,,,,,,,,,,,,,,,,,,,
